{
    "Relevancy": [
        "Relevant"
    ],
    "New Records": [],
    "Key Match Events": [],
    "Pre-Game Insights": [
        "Tanner Bibee and the Cleveland Guardians will take the field against the Tampa Bay Rays and projected starter Zack Littell on Friday at Progressive Field.",
        "The Rays are +156 moneyline underdogs for this matchup against the Guardians (-187).",
        "Cleveland is favored on the run line (-1.5 with +105 odds).",
        "The total for the contest has been set at 7.5 runs.",
        "Score Prediction: Guardians 4, Rays 3",
        "Total Prediction: Under 7.5 runs",
        "Win Probabilities: Guardians 56%, Rays 44%"
    ],
    "Post-Match Reflections": [],
    "Miscellaneous Highlights": [],
    "Others": []
}