{
    "Relevancy": [
        "Relevant"
    ],
    "New Records": [],
    "Key Match Events": [],
    "Pre-Game Insights": [
        "The Tampa Bay Rays bring a 1-0 lead into the next game of the series against the Cleveland Guardians.",
        "Cleveland has gone 43-26 in home games and 84-63 overall. Guardians hitters have a collective .310 on-base percentage, the seventh-ranked percentage in the AL.",
        "Tampa Bay has a 72-75 record overall and a 35-37 record on the road. The Rays are 29-11 in games when they did not allow a home run.",
        "Friday's game is the fifth time these teams meet this season. The Rays have a 3-1 advantage in the season series.",
        "Josh Naylor has 25 doubles, 29 home runs and 101 RBI while hitting .244 for the Guardians. Lane Thomas is 13-for-37 with five doubles and three home runs over the past 10 games.",
        "Brandon Lowe has 19 doubles, three triples, 18 home runs and 51 RBI for the Rays. Yandy Diaz is 14-for-36 with two doubles and two home runs over the past 10 games.",
        "Guardians: 6-4, .234 batting average, 2.79 ERA, outscored opponents by four runs in the last 10 games.",
        "Rays: 5-5, .241 batting average, 2.71 ERA, outscored opponents by seven runs in the last 10 games."
    ],
    "Post-Match Reflections": [],
    "Miscellaneous Highlights": [],
    "Others": []
}