{
    "Relevancy": [
        "Relevant"
    ],
    "New Records": [],
    "Key Match Events": [],
    "Pre-Game Insights": [
        "Josh Naylor and Christopher Morel will be among the star attractions when the Cleveland Guardians face the Tampa Bay Rays on Friday at 7:10 p.m. ET, at Progressive Field.",
        "The Guardians pitching staff is 10th in the majors with a collective 8.8 strikeouts per nine innings.",
        "The Rays have a team batting average of just .231 this season, which ranks 26th among MLB teams.",
        "Guardians vs. Rays odds & betting lines: Favorite: Guardians (-180, bet $180 to win $100), Underdog: Rays (+150, bet $100 to win $150), Over/under: 7.5"
    ],
    "Post-Match Reflections": [],
    "Miscellaneous Highlights": [],
    "Others": []
}