{
    "Relevancy": [
        "Relevant"
    ],
    "New Records": [],
    "Key Match Events": [],
    "Pre-Game Insights": [
        "The Cleveland Guardians will face the Tampa Bay Rays in MLB action at Progressive Field on Friday, starting at 9:15am AEST.",
        "Gavin Williams (3-8, 5.25 ERA) will start for the Guardians, pitting him against Ryan Pepiot (8-6, 3.66 ERA) for the Rays.",
        "Stats Insider's independent predictive analytics model gives the Guardians a 58% chance of defeating the Rays at Progressive Field.",
        "The Guardians are listed as 1.5-run favourites against the Rays, with odds of $2.50 available at TAB.",
        "According to Stats Insider's analytics model, the Rays (+1.5) are predicted to cover the line 62% of the time, while the 7.5-run over/under is expected to go over 55% of the time."
    ],
    "Post-Match Reflections": [],
    "Miscellaneous Highlights": [],
    "Others": []
}