{
    "Relevancy": [
        "Relevant"
    ],
    "New Records": [],
    "Key Match Events": [
        "Gavin Williams allowed three runs in 5 1/3 innings.",
        "Brandon Lowe hit a home run off Gavin Williams.",
        "Lane Thomas hit an RBI double for the Guardians.",
        "Tampa Bay Rays took the lead with a walk, a double, a sacrifice fly, and an RBI single in the fourth inning."
    ],
    "Pre-Game Insights": [],
    "Post-Match Reflections": [
        "Guardians manager Stephen Vogt commented on Gavin Williams' performance, noting his struggle with consistency but acknowledging his effort to get through 5 1/3 innings.",
        "Gavin Williams reflected on his performance, mentioning adjustments made from his previous start."
    ],
    "Miscellaneous Highlights": [],
    "Others": []
}