{
    "Relevancy": [
        "Relevant"
    ],
    "New Records": [],
    "Key Match Events": [],
    "Pre-Game Insights": [
        "Zach Eflin gets the nod for the Baltimore Orioles on Sunday at Coors Field against Brenton Doyle and the Colorado Rockies.",
        "Bookmakers list the Orioles as -161 moneyline favorites, while giving the underdog Rockies +137 moneyline odds to win.",
        "Baltimore (-1.5) is favored on the run line.",
        "The total is 11 runs for this contest.",
        "Score Prediction: Orioles 6, Rockies 5",
        "Total Prediction: Under 11 runs",
        "Win Probabilities: Orioles 53%, Rockies 47%"
    ],
    "Post-Match Reflections": [],
    "Miscellaneous Highlights": [],
    "Others": []
}