{
    "Relevancy": [
        "Relevant"
    ],
    "New Records": [],
    "Key Match Events": [
        "Zach Eflin struck out nine in seven innings.",
        "James McCann homered to left center (429 feet), scoring two runs.",
        "Gunnar Henderson singled to center, scoring a run.",
        "Coby Mayo singled to right, scoring a run on a fielding error.",
        "Cedric Mullins singled to right, scoring a run.",
        "Gunnar Henderson singled to right, scoring a run."
    ],
    "Pre-Game Insights": [],
    "Post-Match Reflections": [],
    "Miscellaneous Highlights": [
        "The game was held at Coors Field, Denver, Colorado with an attendance of 32,961.",
        "The game lasted 2 hours and 22 minutes."
    ],
    "Others": []
}