{
    "Relevancy": [
        "Relevant"
    ],
    "New Records": [],
    "Key Match Events": [
        "Seiya Suzuki returned to the lineup for the Cubs\u2019 3-0 victory Saturday against the Reds and went 2-for-2 with two walks."
    ],
    "Pre-Game Insights": [],
    "Post-Match Reflections": [
        "Manager Craig Counsell praised Suzuki for his all-around offensive season and lamented the oblique strain that sidelined him for 3\u00bd weeks in April and May."
    ],
    "Miscellaneous Highlights": [],
    "Others": []
}