{
    "Relevancy": [
        "Relevant"
    ],
    "New Records": [],
    "Key Match Events": [],
    "Pre-Game Insights": [
        "The Chicago Cubs will take on the Cincinnati Reds in Game of the League Series at Wrigley Field on Saturday, commencing at 4:20am AEST.",
        "Jameson Taillon (11-8, 3.41 ERA) will get the ball for the Cubs, while the Reds are going with Nick Martinez (10-6, 3.22 ERA).",
        "Stats Insider's predictive analytics model currently gives the Cubs a 57% chance of winning against the Reds at Wrigley Field.",
        "The latest betting odds in Australia for Saturday's MLB game at Wrigley Field are Cubs $1.75, Reds $2.05.",
        "The Cubs are listed as 1.5-run favourites against the Reds, with odds of $2.75 available at TAB.",
        "For the underdog Reds (+1.5) to cover the line, TAB offers odds of $1.45.",
        "The over/under for total runs scored is set at 6.5 with TAB, which has odds of $1.91 for the over and $1.91 for the under.",
        "According to Stats Insider's model, the Reds (+1.5) are predicted to cover the line 62% of the time, while the 6.5-run over/under is expected to go over 59% of the time.",
        "The game between the Cubs and Reds at Wrigley Field is scheduled to start at 4:20am AEST on Saturday."
    ],
    "Post-Match Reflections": [],
    "Miscellaneous Highlights": [],
    "Others": []
}