{
    "Relevancy": [
        "Relevant"
    ],
    "New Records": [
        "Nick Martinez set a Cincinnati Reds franchise record with a strikeout-to-walk ratio of 6.44 for pitchers with at least 140 innings pitched in a season."
    ],
    "Key Match Events": [
        "Nick Martinez pitched eight innings in a complete game, 1-0 loss against the Chicago Cubs, without walking any batters and striking out three."
    ],
    "Pre-Game Insights": [],
    "Post-Match Reflections": [
        "Nick Martinez is likely to decline his player option for the 2025 season, potentially entering free agency for a more lucrative contract."
    ],
    "Miscellaneous Highlights": [
        "The game between the Cincinnati Reds and Chicago Cubs on September 28, 2024, lasted 1 hour and 48 minutes, reminiscent of Tom Browning's fast games."
    ],
    "Others": []
}