{
    "Relevancy": [
        "Relevant"
    ],
    "New Records": [],
    "Key Match Events": [],
    "Pre-Game Insights": [
        "Rhett Lowder is set to pitch for the Cincinnati Reds against the Chicago Cubs and Nico Hoerner.",
        "The Cubs have a .243 batting average, ranking 14th in the majors.",
        "The Reds' pitching staff has an 8.7 K/9 this season, ranking 12th in the majors."
    ],
    "Post-Match Reflections": [],
    "Miscellaneous Highlights": [],
    "Others": []
}