{
    "Relevancy": [
        "Relevant"
    ],
    "New Records": [
        "The #TexRangers at #WhiteSox game is the first in MLB history to be suspended before an out was recorded."
    ],
    "Key Match Events": [],
    "Pre-Game Insights": [],
    "Post-Match Reflections": [],
    "Miscellaneous Highlights": [
        "The game was suspended after just four pitches due to rain.",
        "The game is being made up on Wednesday afternoon with first pitch coming at 5:10 p.m. ET.",
        "The originally scheduled game will be played immediately following the suspended game."
    ],
    "Others": []
}