{
    "Relevancy": [
        "Relevant"
    ],
    "New Records": [],
    "Key Match Events": [
        "Travis Jankowski robbed Andrew Vaughn of a game-winning homer with a leaping catch in the ninth inning.",
        "Langford homered to left center (409 feet), Lowe scored and Jung scored.",
        "Seager singled to center, Taveras scored, Semien to third."
    ],
    "Pre-Game Insights": [],
    "Post-Match Reflections": [],
    "Miscellaneous Highlights": [],
    "Others": []
}