{
    "Relevancy": [
        "Relevant"
    ],
    "New Records": [],
    "Key Match Events": [],
    "Pre-Game Insights": [
        "The Chicago White Sox will take on the Texas Rangers in MLB action at Guaranteed Rate Field on Wednesday, commencing at 10:10am AEST.",
        "The White Sox will send Garrett Crochet (6-9, 3.64 ERA) to the mound, up against Andrew Heaney (4-13, 4.04 ERA) for the Rangers.",
        "Based on trusted computer power and data, Stats Insider has simulated the result of Wednesday's White Sox vs Texas MLB match-up 10,000 times.",
        "Stats Insider's predictive analytics model gives the Rangers a 52% chance of winning against the White Sox at Guaranteed Rate Field.",
        "The current betting odds in Australia for Wednesday's MLB game at Guaranteed Rate Field are: White Sox $2.15, Rangers $1.71.",
        "The White Sox are listed as 1.5-run underdogs against the Rangers, with odds of $1.71 available at TAB.",
        "For the favourite Rangers (-1.5) to cover the line, TAB offers odds of $2.14.",
        "The over/under for total runs scored is set at 8.5 with TAB, which has odds of $1.91 for the over and $1.91 for the under.",
        "According to Stats Insider's analytics model, the White Sox (+1.5) are predicted to cover the line 61% of the time, while the 8.5-run over/under is expected to stay under 55% of the time.",
        "Stats Insider provides full betting coverage of the White Sox vs Texas game on Wednesday, including data-driven predictions and free betting tips.",
        "The game between the White Sox and Rangers at Guaranteed Rate Field is scheduled to commence at 10:10am AEST on Wednesday.",
        "Teams: Chicago White Sox vs Texas Rangers",
        "Date: Wednesday 28 August 2024",
        "Time: 10:10am AEST",
        "Venue: Guaranteed Rate Field"
    ],
    "Post-Match Reflections": [],
    "Miscellaneous Highlights": [],
    "Others": []
}