{
    "Relevancy": [
        "Relevant"
    ],
    "New Records": [],
    "Key Match Events": [
        "The Texas Rangers-Chicago White Sox game was suspended after four pitches in the first inning due to persistent rain."
    ],
    "Pre-Game Insights": [
        "White Sox starter Garrett Crochet threw four pitches \u2014 two balls and two strikes \u2014 before the game was halted.",
        "Andrew Heaney was the scheduled starter for Texas.",
        "Chicago, which has the worst record in baseball at 31-101 and is 4-30 since the All-Star break, is looking to end a four-game winless streak.",
        "The Rangers entered the first game of the three-game series with a two-game losing streak."
    ],
    "Post-Match Reflections": [],
    "Miscellaneous Highlights": [
        "The game will be made up on Wednesday as part of a doubleheader, starting at 4:10 p.m.",
        "Rangers: RHP Jacob deGrom (elbow surgery) retired all six batters he faced in his second rehab start for Triple-A Round Rock on Tuesday night.",
        "White Sox: 3B Yoan Moncada (adductor strain) and RHP Michael Soroka (shoulder strain) were scheduled to begin rehab assignments with Triple-A Charlotte on Tuesday.",
        "The club added INF Jake Amaya to the active roster a day after claiming him off waivers from Houston and recalled RHP Prelander Berroa from Charlotte.",
        "INF Bryan Ramos was optioned to Triple-A and RHP John Brebbia was designated for assignment.",
        "Texas rookie Jack Leiter is scheduled to make his fourth career start against fellow RHP Chris Flexen when the series continues Wednesday."
    ],
    "Others": []
}