{
    "Relevancy": [
        "Relevant"
    ],
    "New Records": [
        "Ranger Su\u00e1rez struck out the first five batters, the first Phillies pitcher to achieve that feat since Cole Hamels in 2010.",
        "The Braves hit at least three home runs in a game for the 26th time this season, the most in the National League."
    ],
    "Key Match Events": [
        "Orlando Arcia hit two home runs.",
        "Bryson Stott and J.T. Realmuto hit solo home runs for the Phillies.",
        "Ranger Su\u00e1rez gave up back-to-back home runs in the third inning.",
        "Reynaldo L\u00f3pez gave up one run and tossed four-hit ball over six innings, striking out six.",
        "Bryce Harper doubled twice and singled but has not homered since Aug. 9, a string of 77 consecutive plate appearances."
    ],
    "Pre-Game Insights": [],
    "Post-Match Reflections": [
        "Phillies manager Rob Thomson commented on the mislocation of pitches that led to home runs.",
        "Orlando Arcia reflected on the boos from the crowd.",
        "Bryce Harper acknowledged the Braves as a strong team and expressed optimism for the remaining games in the series."
    ],
    "Miscellaneous Highlights": [
        "The Phillies paid respects to Johnny Gaudreau and Matthew Gaudreau, who were killed by a suspected drunk driver.",
        "Phillies reliever Jos\u00e9 Alvarado returned to the team after being placed on the restricted list for a personal matter.",
        "All-Star third baseman Alec Bohm did not play due to a hand injury."
    ],
    "Others": []
}