{
    "Relevancy": [
        "Relevant"
    ],
    "New Records": [
        "Zack Wheeler has reached 100 pitcher wins in his career."
    ],
    "Key Match Events": [
        "Zack Wheeler pitched 7 strong innings, allowing 4 hits, 0 earned runs, and striking out 7 batters.",
        "Edmundo Sosa went 2-2 with a home run, 2 RBIs, and a walk.",
        "Max Fried pitched 7 innings, allowing 5 hits and 3 earned runs, with 4 strikeouts."
    ],
    "Pre-Game Insights": [],
    "Post-Match Reflections": [],
    "Miscellaneous Highlights": [],
    "Others": []
}