{
    "Relevancy": [
        "Relevant"
    ],
    "New Records": [],
    "Key Match Events": [],
    "Pre-Game Insights": [
        "The projected starting pitcher for Atlanta is Max Fried, who is 8-7 with a 3.50 ERA and a 1.20 WHIP over 133.2 innings pitched this year. Fried has allowed two earned runs or fewer in two straight starts, including a very solid start against the Phillies.",
        "The projected starting pitcher for Philadelphia is Zack Wheeler, who is 12-6 with a 2.74 ERA and a 1.00 WHIP over 160.2 innings pitched this season. Wheeler has allowed two earned runs or fewer in five straight starts.",
        "The Phillies have won each of their last 10 games as home favorites against NL East opponents following a home loss.",
        "The Braves have lost eight of their last 10 night games at Citizens Bank Park following a road win.",
        "The Phillies have covered the run line in 11 of their last 12 Saturday night home games against National League opponents.",
        "Six of the last seven games between the Braves and Phillies at Citizens Bank Park have gone OVER the total runs line.",
        "Eight of the Braves' last 10 night games against NL East opponents have gone UNDER the total runs line.",
        "The 'Inning 1 UNDER 0.5 runs' market has hit in each of the Braves' last eight games as road underdogs against NL East opponents.",
        "The 'Inning 1 UNDER 0.5 runs' market has hit in each of the Phillies' last six night games at Citizens Bank Park."
    ],
    "Post-Match Reflections": [],
    "Miscellaneous Highlights": [],
    "Others": []
}