{
    "Relevancy": [
        "Relevant"
    ],
    "New Records": [],
    "Key Match Events": [],
    "Pre-Game Insights": [
        "The Philadelphia Phillies will take on the Atlanta Braves in MLB action at Citizens Bank Park on Saturday, beginning at 8:40am AEST.",
        "The Phillies will have Ranger Su\u00e1rez (11-5, 2.82 ERA) start, while the Braves are going with Reynaldo L\u00f3pez (7-4, 2.02 ERA).",
        "Stats Insider's predictive analytics model gives the Phillies a 55% chance of winning against the Braves at Citizens Bank Park.",
        "The current betting odds in Australia for Saturday's MLB game at Citizens Bank Park are Phillies $1.73, Braves $2.10.",
        "The Phillies are listed as 1.5-run favourites against the Braves, with odds of $2.54 available at TAB.",
        "For the underdog Braves (+1.5) to cover the line, TAB offers odds of $1.50.",
        "The over/under for total runs scored is set at 7.5 with TAB, which has odds of $1.91 for the over and $1.91 for the under.",
        "According to Stats Insider's analytics model, the Braves (+1.5) are predicted to cover the line 63% of the time, while the 7.5-run over/under is considered an equal 50-50 chance of hitting.",
        "Stats Insider's Phillies vs Braves betting tips are based on world-class simulations and wagering experience to help you place smarter bets with your chosen online bookie.",
        "Stats Insider provides full coverage of the Philadelphia vs Atlanta game on Saturday, including data-driven predictions and live win probabilities.",
        "The game between the Phillies and Braves at Citizens Bank Park is scheduled to start at 8:40am AEST on Saturday."
    ],
    "Post-Match Reflections": [],
    "Miscellaneous Highlights": [],
    "Others": []
}