{
    "Relevancy": [
        "Relevant"
    ],
    "New Records": [],
    "Key Match Events": [
        "Yordan Alvarez hit three home runs.",
        "Spencer Arrighetti carried a no-hit bid into the eighth inning.",
        "Jose Altuve stole home in the first inning.",
        "Jake Meyers doubled to left, scoring Victor Caratini and Ben Gamel in the fourth inning.",
        "Mauricio Dub\u00f3n singled to center, scoring Jake Meyers in the fourth inning.",
        "Yordan Alvarez homered to left, scoring Jose Altuve in the fourth inning.",
        "Yordan Alvarez homered to center in the seventh inning.",
        "Chas McCormick homered to right center, scoring Mauricio Dub\u00f3n in the eighth inning.",
        "Yordan Alvarez homered to center in the eighth inning."
    ],
    "Pre-Game Insights": [],
    "Post-Match Reflections": [],
    "Miscellaneous Highlights": [],
    "Others": []
}