{
    "Relevancy": [
        "Relevant"
    ],
    "New Records": [
        "Yordan Alvarez has set his career high with 3 home runs. His previous career high was 2 home runs.",
        "Yordan Alvarez has set his season high with 4 runs batted in. His previous season high was 3 runs batted in.",
        "Mauricio Dub\u00f3n has reached 200 runs in his career."
    ],
    "Key Match Events": [
        "Yordan Alvarez hit three home runs in the game.",
        "Spencer Arrighetti pitched 7.2 innings with 11 strikeouts and no earned runs."
    ],
    "Pre-Game Insights": [],
    "Post-Match Reflections": [],
    "Miscellaneous Highlights": [],
    "Others": []
}