{
    "Relevancy": [
        "Relevant"
    ],
    "New Records": [],
    "Key Match Events": [
        "Luis Severino gave up just one run over seven innings in a 4-1 win over the Red Sox.",
        "Francisco Lindor reached base three times, scored a run, and drove in another.",
        "Brandon Nimmo made a nice catch on a ball hit by Rafael Devers with runners on base, ending the sixth inning.",
        "Danny Young got Rafael Devers to ground out to end the eighth inning with runners on second and third.",
        "Phil Maton closed the game in the ninth for his first save of the year."
    ],
    "Pre-Game Insights": [
        "Luis Severino stated that every series had become 'a must-win series' for the rest of the year."
    ],
    "Post-Match Reflections": [
        "Carlos Mendoza commented on the team's resilience and the significance of playing meaningful games in September.",
        "Luis Severino expressed his familiarity with playing big games against Boston in New York and his focus on getting the team closer to the playoffs."
    ],
    "Miscellaneous Highlights": [
        "The game was attended by 35,149 fans, the highest attendance without a fan giveaway since June 26.",
        "Brandon Nimmo's double in the third inning put the Mets ahead again after a tied game.",
        "DJ Stewart, filling in for J.D. Martinez, singled and scored in the fourth inning."
    ],
    "Others": []
}