{
    "Relevancy": [
        "Relevant"
    ],
    "New Records": [],
    "Key Match Events": [
        "Francisco Lindor beat the throw to Red Sox catcher Connor Wong to score the go-ahead run for the Mets in the third inning.",
        "Ceddanne Rafaela hit a triple off New York starter Luis Severino.",
        "Jarren Duran hit an RBI single to tie the game in the third inning.",
        "Brandon Nimmo's aggressive play led to a triple by Rafaela.",
        "Luis Torrens hit a ball that led to a scoring error by Tyler O'Neill.",
        "Francisco Lindor delivered an RBI single in the fourth inning."
    ],
    "Pre-Game Insights": [],
    "Post-Match Reflections": [
        "Manager Alex Cora commented on Jarren Duran's defensive mistake, calling him the best defensive center fielder in the big leagues.",
        "Tyler O'Neill reflected on his error, noting the ball bounced differently off the dirt.",
        "Alex Cora acknowledged the team's struggles and emphasized the need to win the next game.",
        "Brayan Bello reflected on his performance, stating he was out there competing.",
        "Alex Cora mentioned Rafael Devers' struggles after returning from injury.",
        "Alex Cora expressed urgency about the team's playoff chances, noting they are running out of time."
    ],
    "Miscellaneous Highlights": [
        "The Red Sox committed their 101st error of the season, the first team to surpass 100 errors.",
        "Luis Severino pitched seven innings, allowing just one run on six hits, lowering his ERA to 3.84.",
        "The Red Sox had runners in scoring position in the sixth and eighth innings but failed to capitalize."
    ],
    "Others": []
}