{
    "Relevancy": [
        "Relevant"
    ],
    "New Records": [],
    "Key Match Events": [],
    "Pre-Game Insights": [
        "The New York Mets host the Boston Red Sox to start a three-game series.",
        "Monday's game is the first time these teams square off this season.",
        "Brandon Nimmo has 23 doubles, three triples and 18 home runs for the Mets.",
        "Francisco Lindor is 13-for-43 with four doubles and four home runs over the last 10 games.",
        "Ceddanne Rafaela has 20 doubles, four triples, 14 home runs and 63 RBI for the Red Sox.",
        "Jarren Duran is 12-for-38 with four doubles and four home runs over the last 10 games.",
        "Mets: 7-3, .249 batting average, 3.10 ERA, outscored opponents by 14 runs in the last 10 games.",
        "Red Sox: 3-7, .199 batting average, 3.24 ERA, outscored by 10 runs in the last 10 games."
    ],
    "Post-Match Reflections": [],
    "Miscellaneous Highlights": [],
    "Others": []
}