{
    "Relevancy": [
        "Relevant"
    ],
    "New Records": [],
    "Key Match Events": [],
    "Pre-Game Insights": [
        "The New York Mets (73-64) will host the Boston Red Sox (70-67) at Citi Field in Queens, New York, for the first game of a three-game series.",
        "The game is set to begin at 7:10 p.m. EDT on Monday night.",
        "The Mets are currently third in the NL East, while the Red Sox sit third in the AL East.",
        "This matchup marks the first time these teams will face each other this season.",
        "Recent performances show a stark contrast between the two teams. The Mets have been playing well, boasting a 7-3 record in their last ten games, with a solid .249 batting average and a 3.10 ERA. In contrast, the Red Sox are struggling, going 3-7 in their last ten, with a disappointing .199 batting average and a 3.24 ERA.",
        "Historically, the Mets have had the advantage against the Red Sox in recent matchups, but with both teams fighting for playoff positioning, anything can happen.",
        "Weather conditions at Citi Field are expected to be cloudy, with a temperature of 82\u00b0F, making for a comfortable evening for baseball.",
        "Pete Alonso has been a crucial player for the Mets this season. He has a batting average of .254 with 30 home runs and 80 RBIs.",
        "Alonso has shown remarkable power and consistency at the plate, making him a key player to watch in this matchup.",
        "On the mound for the Red Sox will be Brayan Bello, who has a 12-6 record with a 4.66 ERA and a 1.37 WHIP.",
        "Bello's performance has been shaky at times, making him vulnerable to powerful hitters like Alonso.",
        "The Mets' lineup performs well against right-handed pitchers, enhancing Alonso's chances of capitalizing on any mistakes made by Bello.",
        "Boston's bullpen has also struggled recently, providing further opportunities for Alonso to produce runs and hit home runs.",
        "The Mets will start Luis Severino, who has a 9-6 record with a 3.96 ERA and a 1.26 WHIP.",
        "Severino has been effective in limiting runs and has shown the ability to strike out batters, making him a formidable opponent.",
        "The Mets' bullpen has been mostly reliable this season, with depth that allows them to manage leads effectively.",
        "The Red Sox bullpen has shown inconsistency, which could be a decisive factor in this matchup.",
        "The New York Mets have been able to leverage a potent offense and effective pitching to maintain their position in the playoff hunt.",
        "In contrast, the Boston Red Sox have struggled with consistency, particularly in their recent games."
    ],
    "Post-Match Reflections": [],
    "Miscellaneous Highlights": [
        "Player prop odds for Pete Alonso include: Batter Hits: Over 0.5 (-175), Batter Home Runs: Over 0.5 (+450), Batter RBIs: Over 0.5 (+155), Batter Runs Scored: Over 0.5 (-105), Batter Singles: Over 0.5 (+110), Batter Total Bases: Over 1.5 (+145), Batter Doubles: Over 0.5 (+420).",
        "Among the various prop bets available, the most appealing might be the 'Batter Home Runs' at +450, given Alonso's power and current form.",
        "Betting on 'Batter RBIs' at +155 could yield excellent returns, especially if Alonso gets opportunities with runners on base.",
        "The 'Batter Hits' prop at -175 is also a strong consideration, as Alonso has been consistently getting on base.",
        "The 'Batter Total Bases' at +145 also presents value, particularly if Alonso can get multiple hits."
    ],
    "Others": []
}