{
    "Relevancy": [
        "Relevant"
    ],
    "New Records": [],
    "Key Match Events": [],
    "Pre-Game Insights": [
        "The Boston Red Sox and the New York Mets meet Monday in MLB action from Citi Field.",
        "This will be the first installment in a three-game series.",
        "The Red Sox are going with Brayan Bello as the starting pitcher. In 25 starts this year, Bello is 12-6 with a 4.66 ERA.",
        "The Mets will send out Luis Severino as the starting pitcher. Over 26 starts, Severino is 9-6 with a 3.96 ERA.",
        "Recent betting trends indicate that each of the Red Sox's last four night games against NL East opponents have gone OVER the total runs line.",
        "Each of the Mets' last four games have gone UNDER the total runs line.",
        "The 'Inning 1 OVER 0.5 runs' market has hit in each of the Mets' last four night games against American League opponents.",
        "The 'Inning 1 UNDER 0.5 runs' market has hit in each of the Red Sox's last three games at Citi Field.",
        "J.D. Martinez has hit a home run in each of the Mets' last two night games against AL East opponents that held a winning record.",
        "Jeff McNeil has recorded at least one hit in each of his last 10 appearances against the Red Sox.",
        "Luis Severino has recorded five or more strikeouts in each of his last six appearances with his team as a favorite against AL East opponents.",
        "Brandon Nimmo has recorded a Double in three of his last four appearances with the Mets as favorites against AL East opponents.",
        "Francisco Lindor has scored at least one run in eight of the Mets' last nine games as favorites against AL opponents.",
        "Masataka Yoshida has recorded at least one total base in each of his last 10 appearances with the Red Sox as underdogs.",
        "Tyler O'Neill has hit at least one home run in each of his last two appearances with the Red Sox against NL opponents.",
        "Jarren Duran has scored at least one run in each of the Red Sox's last six games as underdogs against NL opponents.",
        "Jarren Duran has recorded at least one RBI in each of the Red Sox's last five games as road underdogs against NL opponents.",
        "Jarren Duran has recorded a Double in each of the Red Sox's last four games as road underdogs against NL opponents."
    ],
    "Post-Match Reflections": [],
    "Miscellaneous Highlights": [],
    "Others": []
}