{
    "Relevancy": [
        "Relevant"
    ],
    "New Records": [
        "Paul Skenes recorded his 16th game with seven or more strikeouts, surpassing Larry McWilliams (1983) for seventh-most by a Pirates starter in a season."
    ],
    "Key Match Events": [
        "Paul Skenes struck out nine and pitched two-hit ball through five innings, leading the Pittsburgh Pirates to a 2-0 win over the Cincinnati Reds.",
        "Oneil Cruz hit his 21st homer in the first inning.",
        "Nick Yorke\u2019s first career homer off Fernando Cruz in the fifth inning gave the Pirates a two-run lead.",
        "Former Reds closer Aroldis Chapman struck out two batters in the ninth and earned his 11th save."
    ],
    "Pre-Game Insights": [],
    "Post-Match Reflections": [
        "Pirates manager Derek Shelton praised Paul Skenes, saying 'He's special. He continues to evolve. I mean the change-up today was elite.'",
        "Reds manager David Bell commented on Skenes' performance, stating 'He dominated really. He had a really good change-up. It is kind of the growth from the last time we faced him. That pitch was a difference maker for him today.'",
        "Paul Skenes reflected on his performance, saying 'Obviously, the third time seeing them, you gotta get them out in different ways than you have in the past. We did a good job adjusting to that today.'"
    ],
    "Miscellaneous Highlights": [
        "Pittsburgh won by shutout for the 12th time this season.",
        "The Reds lost by shutout for the 14th time this season and for the second time when Skenes started."
    ],
    "Others": []
}