{
    "Relevancy": [
        "Relevant"
    ],
    "New Records": [],
    "Key Match Events": [],
    "Pre-Game Insights": [
        "The Cincinnati Reds will look to sweep a three-game series with a victory against the Pittsburgh Pirates.",
        "Cincinnati is 39-41 in home games and 76-80 overall. The Reds have a 53-13 record in games when they out-hit their opponents.",
        "Pittsburgh has a 72-83 record overall and a 34-43 record in road games. The Pirates are 39-18 in games when they did not give up a home run.",
        "Sunday's game is the 13th time these teams square off this season. The Pirates are up 7-5 in the season series.",
        "Elly De La Cruz leads Cincinnati with 25 home runs while slugging .479. TJ Friedl is 11-for-36 with two home runs and nine RBI over the last 10 games.",
        "Bryan Reynolds leads the Pirates with a .276 batting average, and has 29 doubles, three triples, 22 home runs, 54 walks and 85 RBI. Isiah Kiner-Falefa is 12-for-43 with an RBI over the last 10 games.",
        "Last 10 games: Reds: 5-5, .248 batting average, 5.28 ERA, outscored by five runs. Pirates: 3-7, .239 batting average, 4.76 ERA, outscored by 27 runs.",
        "Pitching Probables: Pirates: Paul Skenes (10-3, 2.07 ERA, 0.98 WHIP, 158 strikeouts); Reds: Hunter Greene (0-0)."
    ],
    "Post-Match Reflections": [],
    "Miscellaneous Highlights": [],
    "Others": []
}