{
    "Relevancy": [
        "Relevant"
    ],
    "New Records": [],
    "Key Match Events": [
        "Paul Skenes struck out nine and pitched two-hit ball through five innings, leading the Pittsburgh Pirates to a 2-0 win over the Cincinnati Reds.",
        "O. Cruz homered to center (442 feet) in the 1st inning.",
        "N. Yorke homered to left center (412 feet) in the 5th inning."
    ],
    "Pre-Game Insights": [],
    "Post-Match Reflections": [],
    "Miscellaneous Highlights": [
        "The game was held at Great American Ball Park in Cincinnati, Ohio with an attendance of 34,750.",
        "The game lasted 2 hours and 25 minutes."
    ],
    "Others": []
}