{
    "Relevancy": [
        "Relevant"
    ],
    "New Records": [],
    "Key Match Events": [],
    "Pre-Game Insights": [
        "The Minnesota Twins meet the Boston Red Sox leading the series 1-0.",
        "Saturday's game is the fifth time these teams match up this season. The Twins are ahead 3-1 in the season series.",
        "PITCHING PROBABLES: Twins: Pablo Lopez (15-8, 3.84 ERA, 1.15 WHIP, 187 strikeouts); Red Sox: Kutter Crawford (8-15, 4.19 ERA, 1.10 WHIP, 162 strikeouts)",
        "BETMGM SPORTSBOOK: LINE Twins -139, Red Sox +117; over/under is 8 runs"
    ],
    "Post-Match Reflections": [],
    "Miscellaneous Highlights": [],
    "Others": []
}