{
    "Relevancy": [
        "Relevant"
    ],
    "New Records": [],
    "Key Match Events": [],
    "Pre-Game Insights": [
        "The Boston Red Sox will take on the Minnesota Twins in MLB action at Fenway Park on Saturday, beginning at 9:10am AEST.",
        "Richard Fitts (0-0, 0.00 ERA) will start for the Red Sox, while the Twins will counter with David Festa (2-6, 5.07 ERA).",
        "Stats Insider's predictive analytics model gives the Red Sox a 51% chance of beating the Twins at Fenway Park.",
        "The Red Sox are listed as 1.5-run underdogs against the Twins, with odds of $1.60 available at TAB.",
        "For the favourite Twins (-1.5) to cover the line, TAB offers odds of $2.35.",
        "The over/under for total runs scored is set at 8.5 with TAB, which has odds of $1.91 for the over and $1.91 for the under.",
        "According to Stats Insider's analytics model, the Red Sox (+1.5) are predicted to cover the line 63% of the time, while the 8.5-run over/under is expected to go over 54% of the time."
    ],
    "Post-Match Reflections": [],
    "Miscellaneous Highlights": [],
    "Others": []
}